-- 부서 (Department Table)
INSERT INTO 부서 (부서코드, 부서명, 도시, 우편번호, 국가, 안내번호) VALUES
(1000, '경영지원부', '서울', '123-456', '대한민국', '02-1234-5678'),
(1001, '서울영업부', '서울', '123-456', '대한민국', '02-1234-5678'),
(1002, '부산영업부', '부산', '234-567', '대한민국', '051-234-5678'),
(1003, '대구영업부', '대구', '345-678', '대한민국', '053-345-6789'),
(1004, '해외영업부', '도쿄', '101-002', '일본', '03-5678-1234');

-- 직원 (Employees Table) (영업사원 10명 이상, 과장, 부장, 대표 포함)
-- 대표 (CEO)
INSERT INTO 직원 (직원번호, 이름, 직책, 이메일, 전화번호, 관리자, 부서코드) VALUES
(2001, '홍길동', '대표', 'ceo@example.com', '1234-5678', NULL, 1000);

-- 본부장 (부서별 대표) 
INSERT INTO 직원 (직원번호, 이름, 직책, 이메일, 전화번호, 관리자, 부서코드) VALUES
(2002, '김철수', '본부장', 'kim@example.com', '2345-6789', 2001, 1001),  -- 서울영업부
(2003, '이영희', '본부장', 'lee@example.com', '3456-7890', 2001, 1002),  -- 부산영업부
(2004, '박민수', '본부장', 'park@example.com', '4567-8901', 2001, 1003),  -- 대구영업부
(2005, '최지훈', '본부장', 'choi@example.com', '6789-0123', 2001, 1004),  -- 해외영업부
(3001, '김민수', '본부장', 'mskim@example.com', '4567-8902', 2001, 1000);  -- 대구영업부

-- 부장 (Managers) 
INSERT INTO 직원 (직원번호, 이름, 직책, 이메일, 전화번호, 관리자, 부서코드) VALUES
(2006, '정다혜', '부장', 'jeong@example.com', '5678-9012', 2002, 1001),  -- 서울영업부
(2007, '민다혜', '부장', 'min@example.com', '3678-9012', 2002, 1001),  -- 서울영업부
(2008, '강현우', '부장', 'kang@example.com', '8901-2345', 2003, 1002),  -- 부산영업부
(2009, '김민지', '부장', 'kim2@example.com', '9012-3456', 2004, 1003),  -- 대구영업부
(2010, '이정훈', '부장', 'lee2@example.com', '0123-4567', 2005, 1004),  -- 일본팀sele
(2011, '왕리', '부장', 'wang@example.com', '3456-7890', 2005, 1004);  -- 중국팀

-- 영업사원 (Sales Representatives) 
INSERT INTO 직원 (직원번호, 이름, 직책, 이메일, 전화번호, 관리자, 부서코드) VALUES
(3012, '김하늘', '관리사원', 'kim99@example.com', '1234-5178', 3001, 1000),
(3013, '박민호', '관리사원', 'park99@example.com', '2345-1789', 3001, 1000),
(3014, '황다은', '사원', 'hwang99@example.com', '3456-1890', 3001, 1000),
(3015, '이하늘', '사원', 'lee99@example.com', '1234-5678', 3001, 1000),
(2012, '이민수', '영업사원', 'lee4@example.com', '2341-6789', 2007, 1001),
(2013, '이민호', '영업사원', 'lee3@example.com', '2345-6789', 2007, 1001),
(2014, '송다은', '영업사원', 'song@example.com', '3456-7890', 2008, 1002),
(2015, '한민지', '영업사원', 'han@example.com', '4567-8901', 2008, 1002),
(2016, '이유진', '영업사원', 'lee4@example.com', '5678-9012', 2009, 1003),
(2017, '정예은', '영업사원', 'jung2@example.com', '6789-0123', 2009, 1003),
(2018, '고민성', '영업사원', 'ko@example.com', '7890-1234', 2010, 1004),
(2019, '황서현', '영업사원', 'hwang@example.com', '8901-2345', 2010, 1004),
(2020, '사토', '영업사원', 'sato@example.com', '5678-9012', 2010, 1004),
(2021, '장리우', '영업사원', 'chang@example.com', '5678-9012', 2011, 1004),
(4013, '강민호', '영업사원', 'kang33@example.com', '2345-6789', 2007, 1001),
(4014, '김다은', '영업사원', 'de@example.com', '5456-7890', 2006, 1001),
(4015, '하민지', '영업사원', 'mj@example.com', '3567-8901', 2007, 1001),
(4016, '여유진', '영업사원', 'ujin@example.com', '2678-9012', 2006, 1001),
(4017, '진예은', '영업사원', 'jin999@example.com', '4789-0123', 2009, 1003);

-- 고객 (Customers Table)
INSERT INTO 고객 (고객번호, 고객명, 이메일, 전화번호, 주소, 도시, 우편번호, 국가, 담당영업) VALUES
(1001, '김영수', 'kim123@example.com', '010-2345-6789', '서울 강남구', '서울', '123-456', '대한민국', 2012),
(1002, '이수연', 'lee123@example.com', '010-3456-7890', '서울 종로구', '서울', '123-457', '대한민국', 2012),
(1003, '박진희', 'park123@example.com', '010-4567-8901', '서울 마포구', '서울', '123-458', '대한민국', 2012),
(1004, '홍세진', 'hong123@example.com', '010-5678-9012', '서울 서초구', '서울', '123-459', '대한민국', 2013),
(1005, '최영철', 'choi123@example.com', '010-6789-0123', '서울 용산구', '서울', '123-460', '대한민국', 2013),
(1006, '정하나', 'jung123@example.com', '010-7890-1234', '부산 해운대구', '부산', '234-567', '대한민국', 2014),
(1007, '김동준', 'kim234@example.com', '010-8901-2345', '부산 사상구', '부산', '234-568', '대한민국', 2014),
(1008, '이유진', 'lee234@example.com', '010-9012-3456', '부산 동래구', '부산', '234-569', '대한민국', 2014),
(1009, '김철수', 'kim345@example.com', '010-1234-5678', '부산 부산진구', '부산', '234-570', '대한민국', 2015),
(1010, '이정훈', 'lee345@example.com', '010-2345-6789', '부산 연제구', '부산', '234-571', '대한민국', 2015);

INSERT INTO 고객 (고객번호, 고객명, 이메일, 전화번호, 주소, 도시, 우편번호, 국가, 담당영업) VALUES
(2001, '김영수', 'kim123@example.com', '010-2345-6789', '서울 강남구', '서울', '123-456', '대한민국', 2021),
(2002, '이수연', 'lee123@example.com', '010-3456-7890', '서울 종로구', '서울', '123-457', '대한민국', 4013),
(2003, '박진희', 'park123@example.com', '010-4567-8901', '서울 마포구', '서울', '123-458', '대한민국', 4013),
(2004, '홍세진', 'hong123@example.com', '010-5678-9012', '서울 서초구', '서울', '123-459', '대한민국', 4014),
(2005, '최영철', 'choi123@example.com', '010-6789-0123', '서울 용산구', '서울', '123-460', '대한민국', 4014),
(2006, '정하나', 'jung123@example.com', '010-7890-1234', '부산 해운대구', '부산', '234-567', '대한민국', 4015),
(2007, '김동준', 'kim234@example.com', '010-8901-2345', '부산 사상구', '부산', '234-568', '대한민국', 4016),
(2008, '이유진', 'lee234@example.com', '010-9012-3456', '부산 동래구', '부산', '234-569', '대한민국', 4017),
(2009, '김철수', 'kim345@example.com', '010-1234-5678', '부산 부산진구', '부산', '234-570', '대한민국', 4017),
(2010, '이정훈', 'lee345@example.com', '010-2345-6789', '부산 연제구', '부산', '234-571', '대한민국', 4017);

-- 일본 고객 5명
INSERT INTO 고객 (고객번호, 고객명, 이메일, 전화번호, 주소, 도시, 우편번호, 국가, 담당영업) VALUES
(1011, '타카하시', 'takahashi@example.com', '090-1234-5678', '도쿄 신주쿠', '도쿄', '101-001', '일본', 2016),
(1012, '사토', 'sato@example.com', '090-2345-6789', '도쿄 시부야', '도쿄', '101-002', '일본', 2016),
(1013, '야마모토', 'yamamoto@example.com', '090-3456-7890', '오사카', '오사카', '102-003', '일본', 2017),
(1014, '카와구치', 'kawaguchi@example.com', '090-4567-8901', '나고야', '나고야', '103-004', '일본', 2017),
(1015, '이토', 'ito@example.com', '090-5678-9012', '후쿠오카', '후쿠오카', '104-005', '일본', 2018),
-- 중국 고객 5명
(1016, '리샤오홍', 'li@example.com', '86-1234-5678', '상하이 푸동', '상하이', '200-300', '중국', 2018),
(1017, '장리우', 'chang@example.com', '86-2345-6789', '베이징', '베이징', '201-301', '중국', 2019),
(1018, '왕리', 'wang@example.com', '86-3456-7890', '상하이', '상하이', '202-302', '중국', 2019),
(1019, '천쑤', 'chen@example.com', '86-4567-8901', '선전', '선전', '203-303', '중국', 2020),
(1020, '허쥔', 'he@example.com', '86-5678-9012', '광저우', '광저우', '204-304', '중국', 2020);

-- 20개의 제품 (Products Table) - 생활용품 및 가전제품
INSERT INTO 제품 (제품번호, 제품이름, 제품설명, 가격, 재고수량) VALUES
(1001, '청소기', '강력한 흡입력의 청소기', 50000, 100),
(1002, '에어컨', '온도 조절 기능이 탁월한 에어컨', 60000, 50),
(1003, '냉장고', '대용량 냉장고', 70000, 200),
(1004, '전자레인지', '빠른 조리 기능의 전자레인지', 80000, 150),
(1005, '세탁기', '대용량 세탁기', 90000, 120),
(1006, '커피머신', '자동 커피 추출 기능이 있는 커피머신', 75000, 130),
(1007, '밥솥', '전기밥솥, 고급형', 65000, 160),
(1008, '청소기 로봇', '자동으로 청소를 하는 로봇 청소기', 95000, 90),
(1009, '식기세척기', '고급형 식기세척기', 85000, 110),
(1010, '가습기', '실내 공기 청정을 위한 가습기', 76000, 140),
(1011, '히터', '겨울철 필수 아이템, 히터', 82000, 125),
(1012, '전기장판', '겨울철 따뜻하게 지낼 수 있는 전기장판', 54000, 180),
(1013, '선풍기', '여름철 필수 아이템, 선풍기', 77000, 160),
(1014, '전기그릴', '빠르고 균일하게 구워주는 전기그릴', 83000, 95),
(1015, '블렌더', '음료 및 소스 등을 혼합하는 블렌더', 88000, 85),
(1016, '스마트 TV', '4K 해상도 지원 스마트 TV', 72000, 175),
(1017, '디지털 카메라', '고화질 디지털 카메라', 66000, 105),
(1018, '기계식 키보드', '타건감이 우수한 기계식 키보드', 64000, 160),
(1019, '모니터', '27인치 고해상도 모니터', 71000, 120),
(1020, '블루투스 스피커', '휴대용 블루투스 스피커', 78000, 140);

-- 고객별 주문 (Orders Table)
-- 고객 1 ~ 3개의 주문, 각 주문은 2개 이상의 제품을 포함

-- 고객 1 (김영수) - 3개의 주문
INSERT INTO 주문 (주문번호, 고객번호, 주문날짜, 배송날짜, 상태) VALUES
(2001, 1001, '2025-01-01', '2025-01-05', '배송완료'),
(2002, 1001, '2025-01-10', '2025-01-15', '배송중'),
(2003, 1001, '2025-01-20', '2025-01-25', '배송대기');

-- 주문상세 (Order Details)
-- 주문 2001
INSERT INTO 주문상세 (주문상세번호, 주문번호, 제품번호, 수량, 판매가격) VALUES
(1, 2001, 1001, 1, 50000),
(2, 2001, 1002, 2, 60000);

-- 주문 2002
INSERT INTO 주문상세 (주문상세번호, 주문번호, 제품번호, 수량, 판매가격) VALUES
(3, 2002, 1003, 3, 70000),
(4, 2002, 1004, 1, 80000);

-- 주문 2003
INSERT INTO 주문상세 (주문상세번호, 주문번호, 제품번호, 수량, 판매가격) VALUES
(5, 2003, 1005, 2, 90000),
(6, 2003, 1006, 1, 75000);

-- 고객 2 (이수연) - 2개의 주문
INSERT INTO 주문 (주문번호, 고객번호, 주문날짜, 배송날짜, 상태) VALUES
(2004, 1002, '2025-01-05', '2025-01-10', '배송완료'),
(2005, 1002, '2025-01-15', '2025-01-20', '배송중');

-- 주문상세 (Order Details)
-- 주문 2004
INSERT INTO 주문상세 (주문상세번호, 주문번호, 제품번호, 수량, 판매가격) VALUES
(7, 2004, 1007, 2, 65000),
(8, 2004, 1008, 1, 95000);

-- 주문 2005
INSERT INTO 주문상세 (주문상세번호, 주문번호, 제품번호, 수량, 판매가격) VALUES
(9, 2005, 1009, 3, 85000),
(10, 2005, 1010, 1, 76000);

-- 고객 3 (박진희) - 3개의 주문
INSERT INTO 주문 (주문번호, 고객번호, 주문날짜, 배송날짜, 상태) VALUES
(2006, 1003, '2025-01-06', '2025-01-12', '배송완료'),
(2007, 1003, '2025-01-16', '2025-01-21', '배송중'),
(2008, 1003, '2025-01-18', '2025-01-23', '배송대기');

-- 주문상세 (Order Details)
-- 주문 2006
INSERT INTO 주문상세 (주문상세번호, 주문번호, 제품번호, 수량, 판매가격) VALUES
(11, 2006, 1011, 1, 82000),
(12, 2006, 1012, 2, 54000);

-- 주문 2007
INSERT INTO 주문상세 (주문상세번호, 주문번호, 제품번호, 수량, 판매가격) VALUES
(13, 2007, 1013, 1, 77000),
(14, 2007, 1014, 2, 83000);

-- 주문 2008
INSERT INTO 주문상세 (주문상세번호, 주문번호, 제품번호, 수량, 판매가격) VALUES
(15, 2008, 1015, 2, 88000),
(16, 2008, 1016, 1, 72000);

-- 추가 고객들 (각각 1 ~ 3개의 주문 생성)
-- 이와 같은 방식으로 각 고객에게 주문을 추가할 수 있습니다.
-- 예시로 고객 4 ~ 6의 주문을 추가합니다.

-- 고객 4 (홍세진) - 2개의 주문
INSERT INTO 주문 (주문번호, 고객번호, 주문날짜, 배송날짜, 상태) VALUES
(2009, 1004, '2025-01-07', '2025-01-12', '배송완료'),
(2010, 1004, '2025-01-17', '2025-01-22', '배송중');

-- 주문상세 (Order Details)
-- 주문 2009
INSERT INTO 주문상세 (주문상세번호, 주문번호, 제품번호, 수량, 판매가격) VALUES
(17, 2009, 1017, 2, 66000),
(18, 2009, 1018, 1, 64000);

-- 주문 2010
INSERT INTO 주문상세 (주문상세번호, 주문번호, 제품번호, 수량, 판매가격) VALUES
(19, 2010, 1019, 3, 71000),
(20, 2010, 1020, 2, 78000);

-- 고객 5 (최영철) - 3개의 주문
INSERT INTO 주문 (주문번호, 고객번호, 주문날짜, 배송날짜, 상태) VALUES
(2011, 1005, '2025-01-08', '2025-01-14', '배송완료'),
(2012, 1005, '2025-01-18', '2025-01-23', '배송중'),
(2013, 1005, '2025-01-22', '2025-01-27', '배송대기');

INSERT INTO 주문 (주문번호, 고객번호, 주문날짜, 배송날짜, 상태) VALUES
(2021, 2001, '2025-01-08', '2025-01-14', '배송완료'),
(2022, 2002, '2025-01-18', '2025-01-23', '배송중'),
(2023, 2003, '2025-02-08', '2025-01-14', '배송완료'),
(2024, 2001, '2025-03-18', '2025-01-23', '배송중'),
(2025, 2010, '2025-01-08', '2025-01-14', '배송완료'),
(2026, 2009, '2025-01-18', '2025-01-23', '배송중'),
(2027, 2007, '2025-01-05', '2025-01-14', '배송완료'),
(2028, 2006, '2025-01-03', '2025-01-23', '배송중'),
(2029, 2008, '2025-01-05', '2025-01-27', '배송대기');

INSERT INTO 주문 (주문번호, 고객번호, 주문날짜, 배송날짜, 상태) VALUES
(2051, 2004, '2025-02-08', '2025-01-14', '배송완료'),
(2052, 2004, '2025-02-18', '2025-01-23', '배송중'),
(2053, 2005, '2025-03-08', '2025-01-14', '배송완료'),
(2054, 2005, '2025-03-18', '2025-01-23', '배송중'),
(2065, 2004, '2025-04-08', '2025-01-14', '배송완료'),
(2066, 1011, '2025-04-18', '2025-01-23', '배송중'),
(2067, 1011, '2025-05-05', '2025-01-14', '배송완료'),
(2068, 1013, '2025-06-03', '2025-01-23', '배송중'),
(2069, 1018, '2025-02-05', '2025-01-27', '배송대기');

INSERT INTO 주문 (주문번호, 고객번호, 주문날짜, 배송날짜, 상태) VALUES
(2031, 1006, '2025-01-08', '2025-01-14', '배송대기'),
(2032, 1007, '2025-01-18', '2025-01-23', '배송중'),
(2033, 1008, '2025-02-08', '2025-01-14', '배송완료'),
(2034, 1009, '2025-03-18', '2025-01-23', '배송중'),
(2035, 1010, '2025-01-08', '2025-01-14', '배송완료'),
(2036, 1011, '2025-01-18', '2025-01-23', '배송중'),
(2037, 1012, '2025-01-05', '2025-01-14', '배송완료'),
(2038, 1013, '2025-01-03', '2025-01-23', '배송중'),
(2039, 1014, '2025-01-05', '2025-01-27', '배송대기'),
(2040, 1015, '2025-01-08', '2025-01-14', '배송대기'),
(2041, 1016, '2025-01-18', '2025-01-23', '배송중'),
(2042, 1016, '2025-02-08', '2025-01-14', '배송완료'),
(2043, 1017, '2025-03-18', '2025-01-23', '배송중'),
(2044, 1018, '2025-01-08', '2025-01-14', '배송완료'),
(2045, 1019, '2025-01-18', '2025-01-23', '배송중'),
(2046, 1020, '2025-01-05', '2025-01-14', '배송완료'),
(2047, 1020, '2025-01-03', '2025-01-23', '배송중'),
(2048, 1017, '2025-01-05', '2025-01-27', '배송대기');

-- 주문상세 (Order Details)
-- 주문 2011
INSERT INTO 주문상세 (주문상세번호, 주문번호, 제품번호, 수량, 판매가격) VALUES
(21, 2011, 1001, 2, 50000),
(22, 2011, 1002, 1, 60000);

-- 주문 2012
INSERT INTO 주문상세 (주문상세번호, 주문번호, 제품번호, 수량, 판매가격) VALUES
(23, 2012, 1003, 3, 70000),
(24, 2012, 1004, 1, 80000);

-- 주문 2013
INSERT INTO 주문상세 (주문상세번호, 주문번호, 제품번호, 수량, 판매가격) VALUES
(25, 2013, 1005, 2, 90000),
(26, 2013, 1006, 1, 75000);


INSERT INTO 주문상세 (주문상세번호, 주문번호, 제품번호, 수량, 판매가격) VALUES
(31, 2021, 1001, 2, 49000),
(32, 2022, 1002, 1, 60000),
(33, 2023, 1003, 1, 70000),
(34, 2023, 1004, 1, 80000),
(36, 2025, 1006, 1, 75000),
(37, 2026, 1007, 1, 64000),
(38, 2027, 1020, 1, 79000),
(39, 2028, 1019, 1, 70000),
(40, 2029, 1015, 1, 88000);


insert into 주문상세 (select num+50, 주문번호, 코드, 1, 가격 from
(select row_number() over (order by 코드) as num, 주문번호, 코드, 1, 가격 from
(select 주문.주문번호, FLOOR(1001 + (RAND() * 20)) as 코드, 1 from 주문 left join 주문상세 on 주문.주문번호 = 주문상세.주문번호
where 주문상세.주문번호 is null) A, 제품 where A.코드 = 제품.제품번호) a);

-- 고객별 결제 (Payments Table)
-- 결제번호, 고객번호, 결제날짜, 결제금액

-- 고객 1 (김영수) - 결제 데이터
INSERT INTO 결제 (결제번호, 주문번호, 결제날짜, 결제금액) VALUES
(1001, 2001, '2025-01-05', 110000),  -- 주문 2001
(1002, 2002, '2025-01-15', 140000),  -- 주문 2002
(1003, 2003, '2025-01-25', 165000);  -- 주문 2003

-- 고객 2 (이수연) - 결제 데이터
INSERT INTO 결제 (결제번호, 주문번호, 결제날짜, 결제금액) VALUES
(1004, 2004, '2025-01-10', 155000),  -- 주문 2004
(1005, 2005, '2025-01-20', 160000);  -- 주문 2005

-- 고객 3 (박진희) - 결제 데이터
INSERT INTO 결제 (결제번호, 주문번호, 결제날짜, 결제금액) VALUES
(1006, 2006, '2025-01-12', 164000),  -- 주문 2006
(1007, 2007, '2025-01-21', 160000),  -- 주문 2007
(1008, 2008, '2025-01-23', 160000);  -- 주문 2008

-- 고객 4 (홍세진) - 결제 데이터
INSERT INTO 결제 (결제번호, 주문번호, 결제날짜, 결제금액) VALUES
(1009, 2009, '2025-01-12', 133000),  -- 주문 2009
(1010, 2010, '2025-01-22', 149000);  -- 주문 2010

-- 고객 5 (최영철) - 결제 데이터
INSERT INTO 결제 (결제번호, 주문번호, 결제날짜, 결제금액) VALUES
(1011, 2011, '2025-01-14', 160000),  -- 주문 2011
(1012, 2012, '2025-01-23', 165000),  -- 주문 2012
(1013, 2013, '2025-01-27', 165000);  -- 주문 2013

-- 추가 고객들 (각각 1 ~ 3개의 결제 생성)
-- 고객 6 (이상호) - 결제 데이터
INSERT INTO 결제 (결제번호, 주문번호, 결제날짜, 결제금액) VALUES
(1014, 2031, '2025-01-10', 77000),  
(1015, 2032, '2025-01-20', 65000);  

-- 고객 7 (김지혜) - 결제 데이터
INSERT INTO 결제 (결제번호, 주문번호, 결제날짜, 결제금액) VALUES
(1016, 2021, '2025-01-11', 142000),  -- 주문 2016
(1017, 2022, '2025-01-22', 120000);  -- 주문 2017

-- 고객 8 (박영수) - 결제 데이터
INSERT INTO 결제 (결제번호, 주문번호, 결제날짜, 결제금액) VALUES
(1018, 2040, '2025-01-13', 135000),  -- 주문 2018
(1019, 2041, '2025-01-23', 150000);  -- 주문 2019

-- 고객 9 (최지수) - 결제 데이터
INSERT INTO 결제 (결제번호, 주문번호, 결제날짜, 결제금액) VALUES
(1020, 2054, '2025-01-14', 110000),  -- 주문 2020
(1021, 2065, '2025-01-24', 140000);  -- 주문 2021

-- 고객 10 (정윤호) - 결제 데이터
INSERT INTO 결제 (결제번호, 주문번호, 결제날짜, 결제금액) VALUES
(1022, 2066, '2025-01-15', 160000),  -- 주문 2022
(1023, 2067, '2025-01-25', 180000);  -- 주문 2023


